CE	"[array([[[0.00018945, 0.        ],
        [0.        , 0.        ],
        [0.        , 0.        ],
        [0.        , 0.        ],
        [0.        , 0.        ],
        [0.        , 0.        ],
        [0.        , 0.        ],
        [0.        , 0.        ],
        [0.        , 0.        ],
        [0.        , 0.        ],
        [0.        , 0.        ],
        [0.        , 0.        ],
        [0.        , 0.        ],
        [0.        , 0.        ],
        [0.        , 0.        ],
        [0.        , 0.        ],
        [0.        , 0.        ],
        [0.        , 0.        ],
        [0.        , 0.        ],
        [0.        , 0.        ],
        [0.        , 0.        ],
        [0.        , 0.        ],
        [0.        , 0.        ],
        [0.        , 0.        ],
        [0.        , 0.        ],
        [0.        , 0.        ],
        [0.        , 0.        ],
        [0.        , 0.        ],
        [0.        , 0.        ],
        [0.        , 0.        ],
        [0.        , 0.        ],
        [0.        , 0.        ],
        [0.        , 0.        ],
        [0.        , 0.        ],
        [0.        , 0.        ],
        [0.        , 0.        ],
        [0.        , 0.        ],
        [0.        , 0.        ],
        [0.        , 0.        ],
        [0.        , 0.        ],
        [0.        , 0.        ]],

       [[0.00026686, 0.        ],
        [0.        , 0.        ],
        [0.        , 0.        ],
        [0.        , 0.        ],
        [0.        , 0.        ],
        [0.        , 0.        ],
        [0.        , 0.        ],
        [0.        , 0.        ],
        [0.        , 0.        ],
        [0.        , 0.        ],
        [0.        , 0.        ],
        [0.        , 0.        ],
        [0.        , 0.        ],
        [0.        , 0.        ],
        [0.        , 0.        ],
        [0.        , 0.        ],
        [0.        , 0.        ],
        [0.        , 0.        ],
        [0.        , 0.        ],
        [0.        , 0.        ],
        [0.        , 0.        ],
        [0.        , 0.        ],
        [0.        , 0.        ],
        [0.        , 0.        ],
        [0.        , 0.        ],
        [0.        , 0.        ],
        [0.        , 0.        ],
        [0.        , 0.        ],
        [0.        , 0.        ],
        [0.        , 0.        ],
        [0.        , 0.        ],
        [0.        , 0.        ],
        [0.        , 0.        ],
        [0.        , 0.        ],
        [0.        , 0.        ],
        [0.        , 0.        ],
        [0.        , 0.        ],
        [0.        , 0.        ],
        [0.        , 0.        ],
        [0.        , 0.        ],
        [0.        , 0.        ]],

       [[0.00050503, 0.        ],
        [0.        , 0.        ],
        [0.        , 0.        ],
        [0.        , 0.        ],
        [0.        , 0.        ],
        [0.        , 0.        ],
        [0.        , 0.        ],
        [0.        , 0.        ],
        [0.        , 0.        ],
        [0.        , 0.        ],
        [0.        , 0.        ],
        [0.        , 0.        ],
        [0.        , 0.        ],
        [0.        , 0.        ],
        [0.        , 0.        ],
        [0.        , 0.        ],
        [0.        , 0.        ],
        [0.        , 0.        ],
        [0.        , 0.        ],
        [0.        , 0.        ],
        [0.        , 0.        ],
        [0.        , 0.        ],
        [0.        , 0.        ],
        [0.        , 0.        ],
        [0.        , 0.        ],
        [0.        , 0.        ],
        [0.        , 0.        ],
        [0.        , 0.        ],
        [0.        , 0.        ],
        [0.        , 0.        ],
        [0.        , 0.        ],
        [0.        , 0.        ],
        [0.        , 0.        ],
        [0.        , 0.        ],
        [0.        , 0.        ],
        [0.        , 0.        ],
        [0.        , 0.        ],
        [0.        , 0.        ],
        [0.        , 0.        ],
        [0.        , 0.        ],
        [0.        , 0.        ]]]), array([[[0.00147393, 0.        ],
        [0.        , 0.        ],
        [0.        , 0.        ],
        [0.        , 0.        ],
        [0.        , 0.        ],
        [0.        , 0.        ],
        [0.        , 0.        ],
        [0.        , 0.        ],
        [0.        , 0.        ],
        [0.        , 0.        ],
        [0.        , 0.        ],
        [0.        , 0.        ],
        [0.        , 0.        ],
        [0.        , 0.        ],
        [0.        , 0.        ],
        [0.        , 0.        ],
        [0.        , 0.        ],
        [0.        , 0.        ],
        [0.        , 0.        ],
        [0.        , 0.        ],
        [0.        , 0.        ],
        [0.        , 0.        ],
        [0.        , 0.        ],
        [0.        , 0.        ],
        [0.        , 0.        ],
        [0.        , 0.        ],
        [0.        , 0.        ],
        [0.        , 0.        ],
        [0.        , 0.        ],
        [0.        , 0.        ],
        [0.        , 0.        ],
        [0.        , 0.        ],
        [0.        , 0.        ],
        [0.        , 0.        ],
        [0.        , 0.        ],
        [0.        , 0.        ],
        [0.        , 0.        ],
        [0.        , 0.        ],
        [0.        , 0.        ],
        [0.        , 0.        ],
        [0.        , 0.        ]],

       [[0.00040918, 0.        ],
        [0.        , 0.        ],
        [0.        , 0.        ],
        [0.        , 0.        ],
        [0.        , 0.        ],
        [0.        , 0.        ],
        [0.        , 0.        ],
        [0.        , 0.        ],
        [0.        , 0.        ],
        [0.        , 0.        ],
        [0.        , 0.        ],
        [0.        , 0.        ],
        [0.        , 0.        ],
        [0.        , 0.        ],
        [0.        , 0.        ],
        [0.        , 0.        ],
        [0.        , 0.        ],
        [0.        , 0.        ],
        [0.        , 0.        ],
        [0.        , 0.        ],
        [0.        , 0.        ],
        [0.        , 0.        ],
        [0.        , 0.        ],
        [0.        , 0.        ],
        [0.        , 0.        ],
        [0.        , 0.        ],
        [0.        , 0.        ],
        [0.        , 0.        ],
        [0.        , 0.        ],
        [0.        , 0.        ],
        [0.        , 0.        ],
        [0.        , 0.        ],
        [0.        , 0.        ],
        [0.        , 0.        ],
        [0.        , 0.        ],
        [0.        , 0.        ],
        [0.        , 0.        ],
        [0.        , 0.        ],
        [0.        , 0.        ],
        [0.        , 0.        ],
        [0.        , 0.        ]],

       [[0.00055311, 0.        ],
        [0.        , 0.        ],
        [0.        , 0.        ],
        [0.        , 0.        ],
        [0.        , 0.        ],
        [0.        , 0.        ],
        [0.        , 0.        ],
        [0.        , 0.        ],
        [0.        , 0.        ],
        [0.        , 0.        ],
        [0.        , 0.        ],
        [0.        , 0.        ],
        [0.        , 0.        ],
        [0.        , 0.        ],
        [0.        , 0.        ],
        [0.        , 0.        ],
        [0.        , 0.        ],
        [0.        , 0.        ],
        [0.        , 0.        ],
        [0.        , 0.        ],
        [0.        , 0.        ],
        [0.        , 0.        ],
        [0.        , 0.        ],
        [0.        , 0.        ],
        [0.        , 0.        ],
        [0.        , 0.        ],
        [0.        , 0.        ],
        [0.        , 0.        ],
        [0.        , 0.        ],
        [0.        , 0.        ],
        [0.        , 0.        ],
        [0.        , 0.        ],
        [0.        , 0.        ],
        [0.        , 0.        ],
        [0.        , 0.        ],
        [0.        , 0.        ],
        [0.        , 0.        ],
        [0.        , 0.        ],
        [0.        , 0.        ],
        [0.        , 0.        ],
        [0.        , 0.        ]]]), array([[[0.00012192, 0.        ],
        [0.        , 0.        ],
        [0.        , 0.        ],
        [0.        , 0.        ],
        [0.        , 0.        ],
        [0.        , 0.        ],
        [0.        , 0.        ],
        [0.        , 0.        ],
        [0.        , 0.        ],
        [0.        , 0.        ],
        [0.        , 0.        ],
        [0.        , 0.        ],
        [0.        , 0.        ],
        [0.        , 0.        ],
        [0.        , 0.        ],
        [0.        , 0.        ],
        [0.        , 0.        ],
        [0.        , 0.        ],
        [0.        , 0.        ],
        [0.        , 0.        ],
        [0.        , 0.        ],
        [0.        , 0.        ],
        [0.        , 0.        ],
        [0.        , 0.        ],
        [0.        , 0.        ],
        [0.        , 0.        ],
        [0.        , 0.        ],
        [0.        , 0.        ],
        [0.        , 0.        ],
        [0.        , 0.        ],
        [0.        , 0.        ],
        [0.        , 0.        ],
        [0.        , 0.        ],
        [0.        , 0.        ],
        [0.        , 0.        ],
        [0.        , 0.        ],
        [0.        , 0.        ],
        [0.        , 0.        ],
        [0.        , 0.        ],
        [0.        , 0.        ],
        [0.        , 0.        ]],

       [[0.00042413, 0.        ],
        [0.        , 0.        ],
        [0.        , 0.        ],
        [0.        , 0.        ],
        [0.        , 0.        ],
        [0.        , 0.        ],
        [0.        , 0.        ],
        [0.        , 0.        ],
        [0.        , 0.        ],
        [0.        , 0.        ],
        [0.        , 0.        ],
        [0.        , 0.        ],
        [0.        , 0.        ],
        [0.        , 0.        ],
        [0.        , 0.        ],
        [0.        , 0.        ],
        [0.        , 0.        ],
        [0.        , 0.        ],
        [0.        , 0.        ],
        [0.        , 0.        ],
        [0.        , 0.        ],
        [0.        , 0.        ],
        [0.        , 0.        ],
        [0.        , 0.        ],
        [0.        , 0.        ],
        [0.        , 0.        ],
        [0.        , 0.        ],
        [0.        , 0.        ],
        [0.        , 0.        ],
        [0.        , 0.        ],
        [0.        , 0.        ],
        [0.        , 0.        ],
        [0.        , 0.        ],
        [0.        , 0.        ],
        [0.        , 0.        ],
        [0.        , 0.        ],
        [0.        , 0.        ],
        [0.        , 0.        ],
        [0.        , 0.        ],
        [0.        , 0.        ],
        [0.        , 0.        ]],

       [[0.0007652 , 0.        ],
        [0.        , 0.        ],
        [0.        , 0.        ],
        [0.        , 0.        ],
        [0.        , 0.        ],
        [0.        , 0.        ],
        [0.        , 0.        ],
        [0.        , 0.        ],
        [0.        , 0.        ],
        [0.        , 0.        ],
        [0.        , 0.        ],
        [0.        , 0.        ],
        [0.        , 0.        ],
        [0.        , 0.        ],
        [0.        , 0.        ],
        [0.        , 0.        ],
        [0.        , 0.        ],
        [0.        , 0.        ],
        [0.        , 0.        ],
        [0.        , 0.        ],
        [0.        , 0.        ],
        [0.        , 0.        ],
        [0.        , 0.        ],
        [0.        , 0.        ],
        [0.        , 0.        ],
        [0.        , 0.        ],
        [0.        , 0.        ],
        [0.        , 0.        ],
        [0.        , 0.        ],
        [0.        , 0.        ],
        [0.        , 0.        ],
        [0.        , 0.        ],
        [0.        , 0.        ],
        [0.        , 0.        ],
        [0.        , 0.        ],
        [0.        , 0.        ],
        [0.        , 0.        ],
        [0.        , 0.        ],
        [0.        , 0.        ],
        [0.        , 0.        ],
        [0.        , 0.        ]]]), array([[[0.00120468, 0.        ],
        [0.        , 0.        ],
        [0.        , 0.        ],
        [0.        , 0.        ],
        [0.        , 0.        ],
        [0.        , 0.        ],
        [0.        , 0.        ],
        [0.        , 0.        ],
        [0.        , 0.        ],
        [0.        , 0.        ],
        [0.        , 0.        ],
        [0.        , 0.        ],
        [0.        , 0.        ],
        [0.        , 0.        ],
        [0.        , 0.        ],
        [0.        , 0.        ],
        [0.        , 0.        ],
        [0.        , 0.        ],
        [0.        , 0.        ],
        [0.        , 0.        ],
        [0.        , 0.        ],
        [0.        , 0.        ],
        [0.        , 0.        ],
        [0.        , 0.        ],
        [0.        , 0.        ],
        [0.        , 0.        ],
        [0.        , 0.        ],
        [0.        , 0.        ],
        [0.        , 0.        ],
        [0.        , 0.        ],
        [0.        , 0.        ],
        [0.        , 0.        ],
        [0.        , 0.        ],
        [0.        , 0.        ],
        [0.        , 0.        ],
        [0.        , 0.        ],
        [0.        , 0.        ],
        [0.        , 0.        ],
        [0.        , 0.        ],
        [0.        , 0.        ],
        [0.        , 0.        ]],

       [[0.00065817, 0.        ],
        [0.        , 0.        ],
        [0.        , 0.        ],
        [0.        , 0.        ],
        [0.        , 0.        ],
        [0.        , 0.        ],
        [0.        , 0.        ],
        [0.        , 0.        ],
        [0.        , 0.        ],
        [0.        , 0.        ],
        [0.        , 0.        ],
        [0.        , 0.        ],
        [0.        , 0.        ],
        [0.        , 0.        ],
        [0.        , 0.        ],
        [0.        , 0.        ],
        [0.        , 0.        ],
        [0.        , 0.        ],
        [0.        , 0.        ],
        [0.        , 0.        ],
        [0.        , 0.        ],
        [0.        , 0.        ],
        [0.        , 0.        ],
        [0.        , 0.        ],
        [0.        , 0.        ],
        [0.        , 0.        ],
        [0.        , 0.        ],
        [0.        , 0.        ],
        [0.        , 0.        ],
        [0.        , 0.        ],
        [0.        , 0.        ],
        [0.        , 0.        ],
        [0.        , 0.        ],
        [0.        , 0.        ],
        [0.        , 0.        ],
        [0.        , 0.        ],
        [0.        , 0.        ],
        [0.        , 0.        ],
        [0.        , 0.        ],
        [0.        , 0.        ],
        [0.        , 0.        ]],

       [[0.00066335, 0.        ],
        [0.        , 0.        ],
        [0.        , 0.        ],
        [0.        , 0.        ],
        [0.        , 0.        ],
        [0.        , 0.        ],
        [0.        , 0.        ],
        [0.        , 0.        ],
        [0.        , 0.        ],
        [0.        , 0.        ],
        [0.        , 0.        ],
        [0.        , 0.        ],
        [0.        , 0.        ],
        [0.        , 0.        ],
        [0.        , 0.        ],
        [0.        , 0.        ],
        [0.        , 0.        ],
        [0.        , 0.        ],
        [0.        , 0.        ],
        [0.        , 0.        ],
        [0.        , 0.        ],
        [0.        , 0.        ],
        [0.        , 0.        ],
        [0.        , 0.        ],
        [0.        , 0.        ],
        [0.        , 0.        ],
        [0.        , 0.        ],
        [0.        , 0.        ],
        [0.        , 0.        ],
        [0.        , 0.        ],
        [0.        , 0.        ],
        [0.        , 0.        ],
        [0.        , 0.        ],
        [0.        , 0.        ],
        [0.        , 0.        ],
        [0.        , 0.        ],
        [0.        , 0.        ],
        [0.        , 0.        ],
        [0.        , 0.        ],
        [0.        , 0.        ],
        [0.        , 0.        ]]]), array([[[0.00042247, 0.        ],
        [0.        , 0.        ],
        [0.        , 0.        ],
        [0.        , 0.        ],
        [0.        , 0.        ],
        [0.        , 0.        ],
        [0.        , 0.        ],
        [0.        , 0.        ],
        [0.        , 0.        ],
        [0.        , 0.        ],
        [0.        , 0.        ],
        [0.        , 0.        ],
        [0.        , 0.        ],
        [0.        , 0.        ],
        [0.        , 0.        ],
        [0.        , 0.        ],
        [0.        , 0.        ],
        [0.        , 0.        ],
        [0.        , 0.        ],
        [0.        , 0.        ],
        [0.        , 0.        ],
        [0.        , 0.        ],
        [0.        , 0.        ],
        [0.        , 0.        ],
        [0.        , 0.        ],
        [0.        , 0.        ],
        [0.        , 0.        ],
        [0.        , 0.        ],
        [0.        , 0.        ],
        [0.        , 0.        ],
        [0.        , 0.        ],
        [0.        , 0.        ],
        [0.        , 0.        ],
        [0.        , 0.        ],
        [0.        , 0.        ],
        [0.        , 0.        ],
        [0.        , 0.        ],
        [0.        , 0.        ],
        [0.        , 0.        ],
        [0.        , 0.        ],
        [0.        , 0.        ]],

       [[0.00017716, 0.        ],
        [0.        , 0.        ],
        [0.        , 0.        ],
        [0.        , 0.        ],
        [0.        , 0.        ],
        [0.        , 0.        ],
        [0.        , 0.        ],
        [0.        , 0.        ],
        [0.        , 0.        ],
        [0.        , 0.        ],
        [0.        , 0.        ],
        [0.        , 0.        ],
        [0.        , 0.        ],
        [0.        , 0.        ],
        [0.        , 0.        ],
        [0.        , 0.        ],
        [0.        , 0.        ],
        [0.        , 0.        ],
        [0.        , 0.        ],
        [0.        , 0.        ],
        [0.        , 0.        ],
        [0.        , 0.        ],
        [0.        , 0.        ],
        [0.        , 0.        ],
        [0.        , 0.        ],
        [0.        , 0.        ],
        [0.        , 0.        ],
        [0.        , 0.        ],
        [0.        , 0.        ],
        [0.        , 0.        ],
        [0.        , 0.        ],
        [0.        , 0.        ],
        [0.        , 0.        ],
        [0.        , 0.        ],
        [0.        , 0.        ],
        [0.        , 0.        ],
        [0.        , 0.        ],
        [0.        , 0.        ],
        [0.        , 0.        ],
        [0.        , 0.        ],
        [0.        , 0.        ]],

       [[0.00040113, 0.        ],
        [0.        , 0.        ],
        [0.        , 0.        ],
        [0.        , 0.        ],
        [0.        , 0.        ],
        [0.        , 0.        ],
        [0.        , 0.        ],
        [0.        , 0.        ],
        [0.        , 0.        ],
        [0.        , 0.        ],
        [0.        , 0.        ],
        [0.        , 0.        ],
        [0.        , 0.        ],
        [0.        , 0.        ],
        [0.        , 0.        ],
        [0.        , 0.        ],
        [0.        , 0.        ],
        [0.        , 0.        ],
        [0.        , 0.        ],
        [0.        , 0.        ],
        [0.        , 0.        ],
        [0.        , 0.        ],
        [0.        , 0.        ],
        [0.        , 0.        ],
        [0.        , 0.        ],
        [0.        , 0.        ],
        [0.        , 0.        ],
        [0.        , 0.        ],
        [0.        , 0.        ],
        [0.        , 0.        ],
        [0.        , 0.        ],
        [0.        , 0.        ],
        [0.        , 0.        ],
        [0.        , 0.        ],
        [0.        , 0.        ],
        [0.        , 0.        ],
        [0.        , 0.        ],
        [0.        , 0.        ],
        [0.        , 0.        ],
        [0.        , 0.        ],
        [0.        , 0.        ]]]), array([[[0.00217662, 0.        ],
        [0.        , 0.        ],
        [0.        , 0.        ],
        [0.        , 0.        ],
        [0.        , 0.        ],
        [0.        , 0.        ],
        [0.        , 0.        ],
        [0.        , 0.        ],
        [0.        , 0.        ],
        [0.        , 0.        ],
        [0.        , 0.        ],
        [0.        , 0.        ],
        [0.        , 0.        ],
        [0.        , 0.        ],
        [0.        , 0.        ],
        [0.        , 0.        ],
        [0.        , 0.        ],
        [0.        , 0.        ],
        [0.        , 0.        ],
        [0.        , 0.        ],
        [0.        , 0.        ],
        [0.        , 0.        ],
        [0.        , 0.        ],
        [0.        , 0.        ],
        [0.        , 0.        ],
        [0.        , 0.        ],
        [0.        , 0.        ],
        [0.        , 0.        ],
        [0.        , 0.        ],
        [0.        , 0.        ],
        [0.        , 0.        ],
        [0.        , 0.        ],
        [0.        , 0.        ],
        [0.        , 0.        ],
        [0.        , 0.        ],
        [0.        , 0.        ],
        [0.        , 0.        ],
        [0.        , 0.        ],
        [0.        , 0.        ],
        [0.        , 0.        ],
        [0.        , 0.        ]],

       [[0.00099497, 0.        ],
        [0.        , 0.        ],
        [0.        , 0.        ],
        [0.        , 0.        ],
        [0.        , 0.        ],
        [0.        , 0.        ],
        [0.        , 0.        ],
        [0.        , 0.        ],
        [0.        , 0.        ],
        [0.        , 0.        ],
        [0.        , 0.        ],
        [0.        , 0.        ],
        [0.        , 0.        ],
        [0.        , 0.        ],
        [0.        , 0.        ],
        [0.        , 0.        ],
        [0.        , 0.        ],
        [0.        , 0.        ],
        [0.        , 0.        ],
        [0.        , 0.        ],
        [0.        , 0.        ],
        [0.        , 0.        ],
        [0.        , 0.        ],
        [0.        , 0.        ],
        [0.        , 0.        ],
        [0.        , 0.        ],
        [0.        , 0.        ],
        [0.        , 0.        ],
        [0.        , 0.        ],
        [0.        , 0.        ],
        [0.        , 0.        ],
        [0.        , 0.        ],
        [0.        , 0.        ],
        [0.        , 0.        ],
        [0.        , 0.        ],
        [0.        , 0.        ],
        [0.        , 0.        ],
        [0.        , 0.        ],
        [0.        , 0.        ],
        [0.        , 0.        ],
        [0.        , 0.        ]],

       [[0.00077967, 0.        ],
        [0.        , 0.        ],
        [0.        , 0.        ],
        [0.        , 0.        ],
        [0.        , 0.        ],
        [0.        , 0.        ],
        [0.        , 0.        ],
        [0.        , 0.        ],
        [0.        , 0.        ],
        [0.        , 0.        ],
        [0.        , 0.        ],
        [0.        , 0.        ],
        [0.        , 0.        ],
        [0.        , 0.        ],
        [0.        , 0.        ],
        [0.        , 0.        ],
        [0.        , 0.        ],
        [0.        , 0.        ],
        [0.        , 0.        ],
        [0.        , 0.        ],
        [0.        , 0.        ],
        [0.        , 0.        ],
        [0.        , 0.        ],
        [0.        , 0.        ],
        [0.        , 0.        ],
        [0.        , 0.        ],
        [0.        , 0.        ],
        [0.        , 0.        ],
        [0.        , 0.        ],
        [0.        , 0.        ],
        [0.        , 0.        ],
        [0.        , 0.        ],
        [0.        , 0.        ],
        [0.        , 0.        ],
        [0.        , 0.        ],
        [0.        , 0.        ],
        [0.        , 0.        ],
        [0.        , 0.        ],
        [0.        , 0.        ],
        [0.        , 0.        ],
        [0.        , 0.        ]]])]"
SC	"[array([[[0.00038325, 0.        ],
        [0.        , 0.        ],
        [0.        , 0.        ],
        [0.        , 0.        ],
        [0.        , 0.        ],
        [0.        , 0.        ],
        [0.        , 0.        ],
        [0.        , 0.        ],
        [0.        , 0.        ],
        [0.        , 0.        ],
        [0.        , 0.        ],
        [0.        , 0.        ],
        [0.        , 0.        ],
        [0.        , 0.        ],
        [0.        , 0.        ],
        [0.        , 0.        ],
        [0.        , 0.        ],
        [0.        , 0.        ],
        [0.        , 0.        ],
        [0.        , 0.        ],
        [0.        , 0.        ],
        [0.        , 0.        ],
        [0.        , 0.        ],
        [0.        , 0.        ],
        [0.        , 0.        ],
        [0.        , 0.        ],
        [0.        , 0.        ],
        [0.        , 0.        ],
        [0.        , 0.        ],
        [0.        , 0.        ],
        [0.        , 0.        ],
        [0.        , 0.        ],
        [0.        , 0.        ],
        [0.        , 0.        ],
        [0.        , 0.        ],
        [0.        , 0.        ],
        [0.        , 0.        ],
        [0.        , 0.        ],
        [0.        , 0.        ],
        [0.        , 0.        ],
        [0.        , 0.        ]],

       [[0.00017813, 0.        ],
        [0.        , 0.        ],
        [0.        , 0.        ],
        [0.        , 0.        ],
        [0.        , 0.        ],
        [0.        , 0.        ],
        [0.        , 0.        ],
        [0.        , 0.        ],
        [0.        , 0.        ],
        [0.        , 0.        ],
        [0.        , 0.        ],
        [0.        , 0.        ],
        [0.        , 0.        ],
        [0.        , 0.        ],
        [0.        , 0.        ],
        [0.        , 0.        ],
        [0.        , 0.        ],
        [0.        , 0.        ],
        [0.        , 0.        ],
        [0.        , 0.        ],
        [0.        , 0.        ],
        [0.        , 0.        ],
        [0.        , 0.        ],
        [0.        , 0.        ],
        [0.        , 0.        ],
        [0.        , 0.        ],
        [0.        , 0.        ],
        [0.        , 0.        ],
        [0.        , 0.        ],
        [0.        , 0.        ],
        [0.        , 0.        ],
        [0.        , 0.        ],
        [0.        , 0.        ],
        [0.        , 0.        ],
        [0.        , 0.        ],
        [0.        , 0.        ],
        [0.        , 0.        ],
        [0.        , 0.        ],
        [0.        , 0.        ],
        [0.        , 0.        ],
        [0.        , 0.        ]],

       [[0.0003314 , 0.        ],
        [0.        , 0.        ],
        [0.        , 0.        ],
        [0.        , 0.        ],
        [0.        , 0.        ],
        [0.        , 0.        ],
        [0.        , 0.        ],
        [0.        , 0.        ],
        [0.        , 0.        ],
        [0.        , 0.        ],
        [0.        , 0.        ],
        [0.        , 0.        ],
        [0.        , 0.        ],
        [0.        , 0.        ],
        [0.        , 0.        ],
        [0.        , 0.        ],
        [0.        , 0.        ],
        [0.        , 0.        ],
        [0.        , 0.        ],
        [0.        , 0.        ],
        [0.        , 0.        ],
        [0.        , 0.        ],
        [0.        , 0.        ],
        [0.        , 0.        ],
        [0.        , 0.        ],
        [0.        , 0.        ],
        [0.        , 0.        ],
        [0.        , 0.        ],
        [0.        , 0.        ],
        [0.        , 0.        ],
        [0.        , 0.        ],
        [0.        , 0.        ],
        [0.        , 0.        ],
        [0.        , 0.        ],
        [0.        , 0.        ],
        [0.        , 0.        ],
        [0.        , 0.        ],
        [0.        , 0.        ],
        [0.        , 0.        ],
        [0.        , 0.        ],
        [0.        , 0.        ]]]), array([[[0.00105622, 0.        ],
        [0.        , 0.        ],
        [0.        , 0.        ],
        [0.        , 0.        ],
        [0.        , 0.        ],
        [0.        , 0.        ],
        [0.        , 0.        ],
        [0.        , 0.        ],
        [0.        , 0.        ],
        [0.        , 0.        ],
        [0.        , 0.        ],
        [0.        , 0.        ],
        [0.        , 0.        ],
        [0.        , 0.        ],
        [0.        , 0.        ],
        [0.        , 0.        ],
        [0.        , 0.        ],
        [0.        , 0.        ],
        [0.        , 0.        ],
        [0.        , 0.        ],
        [0.        , 0.        ],
        [0.        , 0.        ],
        [0.        , 0.        ],
        [0.        , 0.        ],
        [0.        , 0.        ],
        [0.        , 0.        ],
        [0.        , 0.        ],
        [0.        , 0.        ],
        [0.        , 0.        ],
        [0.        , 0.        ],
        [0.        , 0.        ],
        [0.        , 0.        ],
        [0.        , 0.        ],
        [0.        , 0.        ],
        [0.        , 0.        ],
        [0.        , 0.        ],
        [0.        , 0.        ],
        [0.        , 0.        ],
        [0.        , 0.        ],
        [0.        , 0.        ],
        [0.        , 0.        ]],

       [[0.00025504, 0.        ],
        [0.        , 0.        ],
        [0.        , 0.        ],
        [0.        , 0.        ],
        [0.        , 0.        ],
        [0.        , 0.        ],
        [0.        , 0.        ],
        [0.        , 0.        ],
        [0.        , 0.        ],
        [0.        , 0.        ],
        [0.        , 0.        ],
        [0.        , 0.        ],
        [0.        , 0.        ],
        [0.        , 0.        ],
        [0.        , 0.        ],
        [0.        , 0.        ],
        [0.        , 0.        ],
        [0.        , 0.        ],
        [0.        , 0.        ],
        [0.        , 0.        ],
        [0.        , 0.        ],
        [0.        , 0.        ],
        [0.        , 0.        ],
        [0.        , 0.        ],
        [0.        , 0.        ],
        [0.        , 0.        ],
        [0.        , 0.        ],
        [0.        , 0.        ],
        [0.        , 0.        ],
        [0.        , 0.        ],
        [0.        , 0.        ],
        [0.        , 0.        ],
        [0.        , 0.        ],
        [0.        , 0.        ],
        [0.        , 0.        ],
        [0.        , 0.        ],
        [0.        , 0.        ],
        [0.        , 0.        ],
        [0.        , 0.        ],
        [0.        , 0.        ],
        [0.        , 0.        ]],

       [[0.00032887, 0.        ],
        [0.        , 0.        ],
        [0.        , 0.        ],
        [0.        , 0.        ],
        [0.        , 0.        ],
        [0.        , 0.        ],
        [0.        , 0.        ],
        [0.        , 0.        ],
        [0.        , 0.        ],
        [0.        , 0.        ],
        [0.        , 0.        ],
        [0.        , 0.        ],
        [0.        , 0.        ],
        [0.        , 0.        ],
        [0.        , 0.        ],
        [0.        , 0.        ],
        [0.        , 0.        ],
        [0.        , 0.        ],
        [0.        , 0.        ],
        [0.        , 0.        ],
        [0.        , 0.        ],
        [0.        , 0.        ],
        [0.        , 0.        ],
        [0.        , 0.        ],
        [0.        , 0.        ],
        [0.        , 0.        ],
        [0.        , 0.        ],
        [0.        , 0.        ],
        [0.        , 0.        ],
        [0.        , 0.        ],
        [0.        , 0.        ],
        [0.        , 0.        ],
        [0.        , 0.        ],
        [0.        , 0.        ],
        [0.        , 0.        ],
        [0.        , 0.        ],
        [0.        , 0.        ],
        [0.        , 0.        ],
        [0.        , 0.        ],
        [0.        , 0.        ],
        [0.        , 0.        ]]]), array([[[0.00032986, 0.        ],
        [0.        , 0.        ],
        [0.        , 0.        ],
        [0.        , 0.        ],
        [0.        , 0.        ],
        [0.        , 0.        ],
        [0.        , 0.        ],
        [0.        , 0.        ],
        [0.        , 0.        ],
        [0.        , 0.        ],
        [0.        , 0.        ],
        [0.        , 0.        ],
        [0.        , 0.        ],
        [0.        , 0.        ],
        [0.        , 0.        ],
        [0.        , 0.        ],
        [0.        , 0.        ],
        [0.        , 0.        ],
        [0.        , 0.        ],
        [0.        , 0.        ],
        [0.        , 0.        ],
        [0.        , 0.        ],
        [0.        , 0.        ],
        [0.        , 0.        ],
        [0.        , 0.        ],
        [0.        , 0.        ],
        [0.        , 0.        ],
        [0.        , 0.        ],
        [0.        , 0.        ],
        [0.        , 0.        ],
        [0.        , 0.        ],
        [0.        , 0.        ],
        [0.        , 0.        ],
        [0.        , 0.        ],
        [0.        , 0.        ],
        [0.        , 0.        ],
        [0.        , 0.        ],
        [0.        , 0.        ],
        [0.        , 0.        ],
        [0.        , 0.        ],
        [0.        , 0.        ]],

       [[0.00017624, 0.        ],
        [0.        , 0.        ],
        [0.        , 0.        ],
        [0.        , 0.        ],
        [0.        , 0.        ],
        [0.        , 0.        ],
        [0.        , 0.        ],
        [0.        , 0.        ],
        [0.        , 0.        ],
        [0.        , 0.        ],
        [0.        , 0.        ],
        [0.        , 0.        ],
        [0.        , 0.        ],
        [0.        , 0.        ],
        [0.        , 0.        ],
        [0.        , 0.        ],
        [0.        , 0.        ],
        [0.        , 0.        ],
        [0.        , 0.        ],
        [0.        , 0.        ],
        [0.        , 0.        ],
        [0.        , 0.        ],
        [0.        , 0.        ],
        [0.        , 0.        ],
        [0.        , 0.        ],
        [0.        , 0.        ],
        [0.        , 0.        ],
        [0.        , 0.        ],
        [0.        , 0.        ],
        [0.        , 0.        ],
        [0.        , 0.        ],
        [0.        , 0.        ],
        [0.        , 0.        ],
        [0.        , 0.        ],
        [0.        , 0.        ],
        [0.        , 0.        ],
        [0.        , 0.        ],
        [0.        , 0.        ],
        [0.        , 0.        ],
        [0.        , 0.        ],
        [0.        , 0.        ]],

       [[0.00034694, 0.        ],
        [0.        , 0.        ],
        [0.        , 0.        ],
        [0.        , 0.        ],
        [0.        , 0.        ],
        [0.        , 0.        ],
        [0.        , 0.        ],
        [0.        , 0.        ],
        [0.        , 0.        ],
        [0.        , 0.        ],
        [0.        , 0.        ],
        [0.        , 0.        ],
        [0.        , 0.        ],
        [0.        , 0.        ],
        [0.        , 0.        ],
        [0.        , 0.        ],
        [0.        , 0.        ],
        [0.        , 0.        ],
        [0.        , 0.        ],
        [0.        , 0.        ],
        [0.        , 0.        ],
        [0.        , 0.        ],
        [0.        , 0.        ],
        [0.        , 0.        ],
        [0.        , 0.        ],
        [0.        , 0.        ],
        [0.        , 0.        ],
        [0.        , 0.        ],
        [0.        , 0.        ],
        [0.        , 0.        ],
        [0.        , 0.        ],
        [0.        , 0.        ],
        [0.        , 0.        ],
        [0.        , 0.        ],
        [0.        , 0.        ],
        [0.        , 0.        ],
        [0.        , 0.        ],
        [0.        , 0.        ],
        [0.        , 0.        ],
        [0.        , 0.        ],
        [0.        , 0.        ]]]), array([[[0.00102772, 0.        ],
        [0.        , 0.        ],
        [0.        , 0.        ],
        [0.        , 0.        ],
        [0.        , 0.        ],
        [0.        , 0.        ],
        [0.        , 0.        ],
        [0.        , 0.        ],
        [0.        , 0.        ],
        [0.        , 0.        ],
        [0.        , 0.        ],
        [0.        , 0.        ],
        [0.        , 0.        ],
        [0.        , 0.        ],
        [0.        , 0.        ],
        [0.        , 0.        ],
        [0.        , 0.        ],
        [0.        , 0.        ],
        [0.        , 0.        ],
        [0.        , 0.        ],
        [0.        , 0.        ],
        [0.        , 0.        ],
        [0.        , 0.        ],
        [0.        , 0.        ],
        [0.        , 0.        ],
        [0.        , 0.        ],
        [0.        , 0.        ],
        [0.        , 0.        ],
        [0.        , 0.        ],
        [0.        , 0.        ],
        [0.        , 0.        ],
        [0.        , 0.        ],
        [0.        , 0.        ],
        [0.        , 0.        ],
        [0.        , 0.        ],
        [0.        , 0.        ],
        [0.        , 0.        ],
        [0.        , 0.        ],
        [0.        , 0.        ],
        [0.        , 0.        ],
        [0.        , 0.        ]],

       [[0.00032485, 0.        ],
        [0.        , 0.        ],
        [0.        , 0.        ],
        [0.        , 0.        ],
        [0.        , 0.        ],
        [0.        , 0.        ],
        [0.        , 0.        ],
        [0.        , 0.        ],
        [0.        , 0.        ],
        [0.        , 0.        ],
        [0.        , 0.        ],
        [0.        , 0.        ],
        [0.        , 0.        ],
        [0.        , 0.        ],
        [0.        , 0.        ],
        [0.        , 0.        ],
        [0.        , 0.        ],
        [0.        , 0.        ],
        [0.        , 0.        ],
        [0.        , 0.        ],
        [0.        , 0.        ],
        [0.        , 0.        ],
        [0.        , 0.        ],
        [0.        , 0.        ],
        [0.        , 0.        ],
        [0.        , 0.        ],
        [0.        , 0.        ],
        [0.        , 0.        ],
        [0.        , 0.        ],
        [0.        , 0.        ],
        [0.        , 0.        ],
        [0.        , 0.        ],
        [0.        , 0.        ],
        [0.        , 0.        ],
        [0.        , 0.        ],
        [0.        , 0.        ],
        [0.        , 0.        ],
        [0.        , 0.        ],
        [0.        , 0.        ],
        [0.        , 0.        ],
        [0.        , 0.        ]],

       [[0.00034625, 0.        ],
        [0.        , 0.        ],
        [0.        , 0.        ],
        [0.        , 0.        ],
        [0.        , 0.        ],
        [0.        , 0.        ],
        [0.        , 0.        ],
        [0.        , 0.        ],
        [0.        , 0.        ],
        [0.        , 0.        ],
        [0.        , 0.        ],
        [0.        , 0.        ],
        [0.        , 0.        ],
        [0.        , 0.        ],
        [0.        , 0.        ],
        [0.        , 0.        ],
        [0.        , 0.        ],
        [0.        , 0.        ],
        [0.        , 0.        ],
        [0.        , 0.        ],
        [0.        , 0.        ],
        [0.        , 0.        ],
        [0.        , 0.        ],
        [0.        , 0.        ],
        [0.        , 0.        ],
        [0.        , 0.        ],
        [0.        , 0.        ],
        [0.        , 0.        ],
        [0.        , 0.        ],
        [0.        , 0.        ],
        [0.        , 0.        ],
        [0.        , 0.        ],
        [0.        , 0.        ],
        [0.        , 0.        ],
        [0.        , 0.        ],
        [0.        , 0.        ],
        [0.        , 0.        ],
        [0.        , 0.        ],
        [0.        , 0.        ],
        [0.        , 0.        ],
        [0.        , 0.        ]]]), array([[[0.00064129, 0.        ],
        [0.        , 0.        ],
        [0.        , 0.        ],
        [0.        , 0.        ],
        [0.        , 0.        ],
        [0.        , 0.        ],
        [0.        , 0.        ],
        [0.        , 0.        ],
        [0.        , 0.        ],
        [0.        , 0.        ],
        [0.        , 0.        ],
        [0.        , 0.        ],
        [0.        , 0.        ],
        [0.        , 0.        ],
        [0.        , 0.        ],
        [0.        , 0.        ],
        [0.        , 0.        ],
        [0.        , 0.        ],
        [0.        , 0.        ],
        [0.        , 0.        ],
        [0.        , 0.        ],
        [0.        , 0.        ],
        [0.        , 0.        ],
        [0.        , 0.        ],
        [0.        , 0.        ],
        [0.        , 0.        ],
        [0.        , 0.        ],
        [0.        , 0.        ],
        [0.        , 0.        ],
        [0.        , 0.        ],
        [0.        , 0.        ],
        [0.        , 0.        ],
        [0.        , 0.        ],
        [0.        , 0.        ],
        [0.        , 0.        ],
        [0.        , 0.        ],
        [0.        , 0.        ],
        [0.        , 0.        ],
        [0.        , 0.        ],
        [0.        , 0.        ],
        [0.        , 0.        ]],

       [[0.00014128, 0.        ],
        [0.        , 0.        ],
        [0.        , 0.        ],
        [0.        , 0.        ],
        [0.        , 0.        ],
        [0.        , 0.        ],
        [0.        , 0.        ],
        [0.        , 0.        ],
        [0.        , 0.        ],
        [0.        , 0.        ],
        [0.        , 0.        ],
        [0.        , 0.        ],
        [0.        , 0.        ],
        [0.        , 0.        ],
        [0.        , 0.        ],
        [0.        , 0.        ],
        [0.        , 0.        ],
        [0.        , 0.        ],
        [0.        , 0.        ],
        [0.        , 0.        ],
        [0.        , 0.        ],
        [0.        , 0.        ],
        [0.        , 0.        ],
        [0.        , 0.        ],
        [0.        , 0.        ],
        [0.        , 0.        ],
        [0.        , 0.        ],
        [0.        , 0.        ],
        [0.        , 0.        ],
        [0.        , 0.        ],
        [0.        , 0.        ],
        [0.        , 0.        ],
        [0.        , 0.        ],
        [0.        , 0.        ],
        [0.        , 0.        ],
        [0.        , 0.        ],
        [0.        , 0.        ],
        [0.        , 0.        ],
        [0.        , 0.        ],
        [0.        , 0.        ],
        [0.        , 0.        ]],

       [[0.00025059, 0.        ],
        [0.        , 0.        ],
        [0.        , 0.        ],
        [0.        , 0.        ],
        [0.        , 0.        ],
        [0.        , 0.        ],
        [0.        , 0.        ],
        [0.        , 0.        ],
        [0.        , 0.        ],
        [0.        , 0.        ],
        [0.        , 0.        ],
        [0.        , 0.        ],
        [0.        , 0.        ],
        [0.        , 0.        ],
        [0.        , 0.        ],
        [0.        , 0.        ],
        [0.        , 0.        ],
        [0.        , 0.        ],
        [0.        , 0.        ],
        [0.        , 0.        ],
        [0.        , 0.        ],
        [0.        , 0.        ],
        [0.        , 0.        ],
        [0.        , 0.        ],
        [0.        , 0.        ],
        [0.        , 0.        ],
        [0.        , 0.        ],
        [0.        , 0.        ],
        [0.        , 0.        ],
        [0.        , 0.        ],
        [0.        , 0.        ],
        [0.        , 0.        ],
        [0.        , 0.        ],
        [0.        , 0.        ],
        [0.        , 0.        ],
        [0.        , 0.        ],
        [0.        , 0.        ],
        [0.        , 0.        ],
        [0.        , 0.        ],
        [0.        , 0.        ],
        [0.        , 0.        ]]]), array([[[0.00188604, 0.        ],
        [0.        , 0.        ],
        [0.        , 0.        ],
        [0.        , 0.        ],
        [0.        , 0.        ],
        [0.        , 0.        ],
        [0.        , 0.        ],
        [0.        , 0.        ],
        [0.        , 0.        ],
        [0.        , 0.        ],
        [0.        , 0.        ],
        [0.        , 0.        ],
        [0.        , 0.        ],
        [0.        , 0.        ],
        [0.        , 0.        ],
        [0.        , 0.        ],
        [0.        , 0.        ],
        [0.        , 0.        ],
        [0.        , 0.        ],
        [0.        , 0.        ],
        [0.        , 0.        ],
        [0.        , 0.        ],
        [0.        , 0.        ],
        [0.        , 0.        ],
        [0.        , 0.        ],
        [0.        , 0.        ],
        [0.        , 0.        ],
        [0.        , 0.        ],
        [0.        , 0.        ],
        [0.        , 0.        ],
        [0.        , 0.        ],
        [0.        , 0.        ],
        [0.        , 0.        ],
        [0.        , 0.        ],
        [0.        , 0.        ],
        [0.        , 0.        ],
        [0.        , 0.        ],
        [0.        , 0.        ],
        [0.        , 0.        ],
        [0.        , 0.        ],
        [0.        , 0.        ]],

       [[0.00080183, 0.        ],
        [0.        , 0.        ],
        [0.        , 0.        ],
        [0.        , 0.        ],
        [0.        , 0.        ],
        [0.        , 0.        ],
        [0.        , 0.        ],
        [0.        , 0.        ],
        [0.        , 0.        ],
        [0.        , 0.        ],
        [0.        , 0.        ],
        [0.        , 0.        ],
        [0.        , 0.        ],
        [0.        , 0.        ],
        [0.        , 0.        ],
        [0.        , 0.        ],
        [0.        , 0.        ],
        [0.        , 0.        ],
        [0.        , 0.        ],
        [0.        , 0.        ],
        [0.        , 0.        ],
        [0.        , 0.        ],
        [0.        , 0.        ],
        [0.        , 0.        ],
        [0.        , 0.        ],
        [0.        , 0.        ],
        [0.        , 0.        ],
        [0.        , 0.        ],
        [0.        , 0.        ],
        [0.        , 0.        ],
        [0.        , 0.        ],
        [0.        , 0.        ],
        [0.        , 0.        ],
        [0.        , 0.        ],
        [0.        , 0.        ],
        [0.        , 0.        ],
        [0.        , 0.        ],
        [0.        , 0.        ],
        [0.        , 0.        ],
        [0.        , 0.        ],
        [0.        , 0.        ]],

       [[0.00051698, 0.        ],
        [0.        , 0.        ],
        [0.        , 0.        ],
        [0.        , 0.        ],
        [0.        , 0.        ],
        [0.        , 0.        ],
        [0.        , 0.        ],
        [0.        , 0.        ],
        [0.        , 0.        ],
        [0.        , 0.        ],
        [0.        , 0.        ],
        [0.        , 0.        ],
        [0.        , 0.        ],
        [0.        , 0.        ],
        [0.        , 0.        ],
        [0.        , 0.        ],
        [0.        , 0.        ],
        [0.        , 0.        ],
        [0.        , 0.        ],
        [0.        , 0.        ],
        [0.        , 0.        ],
        [0.        , 0.        ],
        [0.        , 0.        ],
        [0.        , 0.        ],
        [0.        , 0.        ],
        [0.        , 0.        ],
        [0.        , 0.        ],
        [0.        , 0.        ],
        [0.        , 0.        ],
        [0.        , 0.        ],
        [0.        , 0.        ],
        [0.        , 0.        ],
        [0.        , 0.        ],
        [0.        , 0.        ],
        [0.        , 0.        ],
        [0.        , 0.        ],
        [0.        , 0.        ],
        [0.        , 0.        ],
        [0.        , 0.        ],
        [0.        , 0.        ],
        [0.        , 0.        ]]])]"
Beta	[[6.414313279444924, 59.42790302097017, 128.38746260087527], [21.64078867211564, 41.51689245733898, 92.0886046021015], [3.8625742847842544, 94.01390355219814, 167.2987366870477], [25.23895569280331, 116.64086006229861, 131.52887159704278], [5.649337484452801, 58.885837160665936, 159.66481692873188], [24.82912164409207, 66.65698527428097, 86.35777012551064]]
Gamma	[[0.5007402396544163, 0.8427420250414399, 1.3439488882098825], [0.5065060341752742, 0.7204822049486627, 1.2432427384406428], [0.4901877411727518, 0.8302993322226463, 1.5317160674950276], [0.6687982013633678, 1.045283311092659, 1.4480769672352871], [0.437036934097991, 0.7311746756928572, 1.478619199925943], [0.7503464181014888, 0.971748852203006, 1.347221855015298]]
filenames	[]
